번호,장면,세션,프레임,이름,x1,y1,x2,y2
1,좌우이동,20260923_185019_esp32_xga-rt-s2-r3_console_v2,190,B4,613,604,657,653
2,정지,20260923_184709_esp32_xga-rt-s1-r1_console_v2,261,B4,504,568,550,616
3,좌우이동,20260923_184950_esp32_xga-rt-s2-r2_console_v2,142,B4,405,576,435,615
4,정지,20260923_184758_esp32_xga-rt-s1-r3_console_v2,61,B4,510,599,562,648
5,누르기,20260923_190129_esp32_xga-rt-s6-r2_console_v2,991,B4,576,488,608,522
6,누르기,20260923_185802_esp32_xga-rt-s6-r1_console_v2,1181,B4,570,488,598,522
7,좌우이동,20260923_184950_esp32_xga-rt-s2-r2_console_v2,76,B4,414,593,462,644
8,누르기,20260923_185802_esp32_xga-rt-s6-r1_console_v2,831,B4,616,426,657,469
9,공구,20260923_193013_esp32_tool-free-r1_console_v2,4411,B4,463,637,486,664
10,누르기,20260923_190129_esp32_xga-rt-s6-r2_console_v2,1351,B4,621,547,649,579
11,정지,20260923_184709_esp32_xga-rt-s1-r1_console_v2,241,B4,498,580,545,629
12,좌우이동,20260923_185019_esp32_xga-rt-s2-r3_console_v2,25,B4,487,648,542,708
13,누르기,20260923_190129_esp32_xga-rt-s6-r2_console_v2,351,B4,424,590,470,637
14,공구,20260923_193013_esp32_tool-free-r1_console_v2,5806,B4,582,684,611,717
15,정지,20260923_184758_esp32_xga-rt-s1-r3_console_v2,81,B4,514,596,565,648
16,정지,20260923_184732_esp32_xga-rt-s1-r2_console_v2,141,B4,522,607,573,660
17,좌우이동,20260923_184922_esp32_xga-rt-s2-r1_console_v2,295,B4,319,551,358,591
18,좌우이동,20260923_185019_esp32_xga-rt-s2-r3_console_v2,157,B4,422,588,494,661
19,정지,20260923_184709_esp32_xga-rt-s1-r1_console_v2,221,B4,502,591,547,639
20,좌우이동,20260923_184950_esp32_xga-rt-s2-r2_console_v2,265,B4,537,601,572,644
21,공구,20260923_193013_esp32_tool-free-r1_console_v2,2116,B4,439,593,462,621
22,좌우이동,20260923_185019_esp32_xga-rt-s2-r3_console_v2,247,B4,613,607,665,663
23,좌우이동,20260923_184922_esp32_xga-rt-s2-r1_console_v2,232,B4,498,590,542,633
24,좌우이동,20260923_184950_esp32_xga-rt-s2-r2_console_v2,133,B4,389,581,416,615
25,좌우이동,20260923_184922_esp32_xga-rt-s2-r1_console_v2,241,B4,462,537,498,579
