frame,timestamp,tool_ms,cls_name,score,x1,y1,x2,y2
1,14:39:43.786,18.59,,,,,,
2,14:39:43.867,18.73,,,,,,
3,14:39:44.042,18.77,,,,,,
4,14:39:44.107,18.74,,,,,,
5,14:39:44.181,18.74,,,,,,
6,14:39:44.246,18.40,,,,,,
7,14:39:44.312,18.74,,,,,,
8,14:39:44.383,18.52,,,,,,
9,14:39:44.453,18.68,,,,,,
10,14:39:44.517,18.47,,,,,,
11,14:39:44.583,18.53,,,,,,
12,14:39:44.645,18.55,,,,,,
13,14:39:44.711,18.66,,,,,,
14,14:39:44.784,18.44,,,,,,
15,14:39:44.878,18.46,,,,,,
16,14:39:44.950,18.59,,,,,,
17,14:39:45.065,18.53,,,,,,
18,14:39:45.127,18.43,,,,,,
19,14:39:45.194,18.63,,,,,,
20,14:39:45.257,18.50,,,,,,
21,14:39:45.323,18.61,,,,,,
22,14:39:45.386,18.47,,,,,,
23,14:39:45.452,18.54,,,,,,
24,14:39:45.517,18.74,,,,,,
25,14:39:45.584,18.40,,,,,,
26,14:39:45.645,18.62,,,,,,
27,14:39:45.711,18.45,,,,,,
28,14:39:45.773,18.63,,,,,,
29,14:39:45.839,18.57,,,,,,
30,14:39:45.901,18.56,,,,,,
31,14:39:45.969,18.59,,,,,,
32,14:39:46.041,18.62,,,,,,
33,14:39:46.110,18.36,,,,,,
34,14:39:46.183,18.49,,,,,,
35,14:39:46.251,18.54,,,,,,
36,14:39:46.326,18.56,,,,,,
37,14:39:46.398,18.50,,,,,,
38,14:39:46.460,18.50,,,,,,
39,14:39:46.526,18.37,,,,,,
40,14:39:46.588,18.60,,,,,,
41,14:39:46.654,18.53,,,,,,
42,14:39:46.726,18.43,,,,,,
43,14:39:46.799,18.51,,,,,,
44,14:39:46.862,18.54,,,,,,
45,14:39:46.928,18.44,,,,,,
46,14:39:46.991,18.46,,,,,,
47,14:39:47.057,18.84,,,,,,
48,14:39:47.120,18.62,,,,,,
49,14:39:47.186,18.42,,,,,,
50,14:39:47.248,18.47,,,,,,
51,14:39:47.316,18.51,,,,,,
52,14:39:47.378,19.09,,,,,,
53,14:39:47.445,19.16,,,,,,
54,14:39:47.510,19.20,,,,,,
55,14:39:47.580,19.19,,,,,,
56,14:39:47.659,19.35,,,,,,
57,14:39:47.735,19.10,,,,,,
58,14:39:47.806,19.13,,,,,,
59,14:39:47.880,19.45,,,,,,
60,14:39:47.954,19.29,,,,,,
61,14:39:48.025,19.59,,,,,,
62,14:39:48.131,19.27,,,,,,
63,14:39:48.235,19.41,,,,,,
64,14:39:48.322,19.34,,,,,,
65,14:39:48.394,19.74,,,,,,
66,14:39:48.462,19.24,,,,,,
67,14:39:48.533,19.39,,,,,,
68,14:39:48.601,19.26,,,,,,
69,14:39:48.671,19.40,,,,,,
70,14:39:48.747,19.49,,,,,,
71,14:39:48.819,19.22,,,,,,
72,14:39:48.933,19.40,,,,,,
73,14:39:49.083,19.71,,,,,,
74,14:39:49.198,19.28,,,,,,
75,14:39:49.278,19.28,,,,,,
76,14:39:49.369,19.31,,,,,,
77,14:39:49.489,19.72,,,,,,
78,14:39:49.609,19.59,,,,,,
79,14:39:49.689,19.47,,,,,,
80,14:39:49.757,20.47,,,,,,
81,14:39:49.829,19.30,,,,,,
82,14:39:49.905,19.29,,,,,,
83,14:39:50.018,19.39,,,,,,
84,14:39:50.131,19.44,,,,,,
85,14:39:50.204,19.52,,,,,,
86,14:39:50.283,19.52,,,,,,
87,14:39:50.379,19.46,,,,,,
88,14:39:50.485,19.98,,,,,,
89,14:39:50.559,18.44,,,,,,
90,14:39:50.625,18.60,,,,,,
91,14:39:50.690,18.42,,,,,,
92,14:39:50.774,18.52,,,,,,
93,14:39:50.840,18.55,,,,,,
94,14:39:50.908,18.43,,,,,,
95,14:39:50.980,18.42,,,,,,
96,14:39:51.042,18.57,,,,,,
97,14:39:51.109,18.55,,,,,,
98,14:39:51.171,18.61,,,,,,
99,14:39:51.246,18.45,,,,,,
100,14:39:51.311,18.43,,,,,,
101,14:39:51.377,18.57,,,,,,
102,14:39:51.448,18.57,,,,,,
103,14:39:51.517,18.69,,,,,,
104,14:39:51.594,18.49,,,,,,
105,14:39:51.660,18.72,,,,,,
106,14:39:51.727,18.51,,,,,,
107,14:39:51.804,18.43,,,,,,
108,14:39:51.872,18.54,,,,,,
109,14:39:51.945,18.45,,,,,,
110,14:39:52.044,18.45,,,,,,
111,14:39:52.129,18.55,,,,,,
112,14:39:52.207,18.48,,,,,,
113,14:39:52.273,18.51,,,,,,
114,14:39:52.341,18.47,,,,,,
115,14:39:52.409,18.45,,,,,,
116,14:39:52.470,18.44,,,,,,
117,14:39:52.565,18.53,,,,,,
118,14:39:52.633,18.57,,,,,,
119,14:39:52.699,18.44,,,,,,
120,14:39:52.761,18.57,,,,,,
121,14:39:52.828,18.53,,,,,,
122,14:39:52.891,18.51,,,,,,
123,14:39:52.957,18.54,,,,,,
124,14:39:53.027,18.62,,,,,,
125,14:39:53.100,18.64,,,,,,
126,14:39:53.168,18.52,,,,,,
127,14:39:53.235,18.55,,,,,,
128,14:39:53.297,19.34,,,,,,
129,14:39:53.365,18.49,,,,,,
130,14:39:53.468,18.45,,,,,,
131,14:39:53.535,18.46,,,,,,
132,14:39:53.603,18.72,,,,,,
133,14:39:53.674,18.68,,,,,,
134,14:39:53.745,18.67,,,,,,
135,14:39:53.812,18.48,,,,,,
136,14:39:53.874,18.60,,,,,,
137,14:39:53.940,18.46,,,,,,
138,14:39:54.015,18.60,,,,,,
139,14:39:54.081,19.15,,,,,,
140,14:39:54.144,18.55,,,,,,
141,14:39:54.215,18.55,,,,,,
142,14:39:54.282,18.64,,,,,,
143,14:39:54.365,18.57,,,,,,
144,14:39:54.431,18.64,,,,,,
145,14:39:54.497,18.58,,,,,,
146,14:39:54.560,19.08,,,,,,
147,14:39:54.627,18.61,,,,,,
148,14:39:54.689,18.62,,,,,,
149,14:39:54.756,19.38,,,,,,
150,14:39:54.832,18.51,,,,,,
151,14:39:54.899,18.39,,,,,,
152,14:39:55.026,18.40,,,,,,
153,14:39:55.110,18.40,,,,,,
154,14:39:55.183,18.51,,,,,,
155,14:39:55.258,18.41,,,,,,
156,14:39:55.331,18.54,,,,,,
157,14:39:55.405,18.65,,,,,,
158,14:39:55.486,18.47,,,,,,
159,14:39:55.553,19.68,,,,,,
160,14:39:55.623,19.50,,,,,,
161,14:39:55.694,19.28,,,,,,
162,14:39:55.761,19.10,,,,,,
163,14:39:55.831,19.06,,,,,,
164,14:39:55.897,19.32,,,,,,
165,14:39:55.968,19.24,,,,,,
166,14:39:56.034,19.22,,,,,,
167,14:39:56.105,19.45,,,,,,
168,14:39:56.171,19.26,,,,,,
169,14:39:56.242,19.11,,,,,,
170,14:39:56.308,19.33,,,,,,
171,14:39:56.379,19.24,,,,,,
172,14:39:56.457,19.29,,,,,,
173,14:39:56.530,19.25,,,,,,
174,14:39:56.597,19.25,,,,,,
175,14:39:56.676,19.43,,,,,,
176,14:39:56.747,19.35,,,,,,
177,14:39:56.818,19.45,,,,,,
178,14:39:56.885,19.39,,,,,,
179,14:39:56.957,19.51,,,,,,
180,14:39:57.030,19.44,,,,,,
181,14:39:57.104,19.42,,,,,,
182,14:39:57.171,18.47,,,,,,
183,14:39:57.248,18.60,,,,,,
184,14:39:57.323,18.46,,,,,,
185,14:39:57.398,18.55,,,,,,
186,14:39:57.460,18.56,,,,,,
187,14:39:57.539,18.47,,,,,,
188,14:39:57.605,18.44,,,,,,
189,14:39:57.671,18.57,,,,,,
190,14:39:57.733,18.47,,,,,,
191,14:39:57.800,18.43,,,,,,
192,14:39:57.862,18.66,,,,,,
193,14:39:57.928,18.91,,,,,,
194,14:39:58.011,18.62,,,,,,
195,14:39:58.078,18.39,,,,,,
196,14:39:58.140,18.50,,,,,,
197,14:39:58.214,18.49,,,,,,
198,14:39:58.283,18.52,,,,,,
199,14:39:58.349,18.41,,,,,,
200,14:39:58.412,18.55,,,,,,
201,14:39:58.477,18.51,,,,,,
202,14:39:58.539,19.93,,,,,,
203,14:39:58.608,18.38,,,,,,
204,14:39:58.670,18.53,,,,,,
205,14:39:58.764,18.62,,,,,,
206,14:39:58.830,18.42,,,,,,
207,14:39:58.896,18.47,,,,,,
208,14:39:59.009,18.51,,,,,,
209,14:39:59.096,18.52,,,,,,
210,14:39:59.159,18.44,,,,,,
211,14:39:59.239,18.53,,,,,,
212,14:39:59.305,18.54,,,,,,
213,14:39:59.370,18.65,,,,,,
214,14:39:59.444,18.51,,,,,,
215,14:39:59.510,18.48,,,,,,
216,14:39:59.581,18.73,,,,,,
217,14:39:59.654,18.57,,,,,,
218,14:39:59.885,18.64,,,,,,
219,14:39:59.952,18.41,,,,,,
220,14:40:00.020,18.50,,,,,,
221,14:40:00.086,18.56,,,,,,
222,14:40:00.159,18.51,,,,,,
223,14:40:00.242,18.42,,,,,,
224,14:40:00.305,18.59,,,,,,
225,14:40:00.370,18.41,,,,,,
226,14:40:00.439,18.37,,,,,,
227,14:40:00.505,18.42,,,,,,
228,14:40:00.579,18.44,,,,,,
229,14:40:00.649,18.51,,,,,,
230,14:40:00.722,18.48,,,,,,
231,14:40:00.812,18.49,,,,,,
232,14:40:00.913,18.61,,,,,,
233,14:40:01.019,18.43,,,,,,
234,14:40:01.085,18.46,,,,,,
235,14:40:01.165,18.48,,,,,,
236,14:40:01.239,18.66,,,,,,
237,14:40:01.323,18.42,,,,,,
238,14:40:01.385,18.58,,,,,,
239,14:40:01.459,18.49,,,,,,
240,14:40:01.554,18.54,,,,,,
241,14:40:01.640,18.47,,,,,,
242,14:40:01.703,18.54,,,,,,
243,14:40:01.769,18.54,,,,,,
244,14:40:01.832,18.61,,,,,,
245,14:40:01.899,18.60,,,,,,
246,14:40:01.961,18.49,,,,,,
247,14:40:02.027,18.36,,,,,,
248,14:40:02.089,18.53,,,,,,
249,14:40:02.156,18.51,,,,,,
250,14:40:02.220,19.70,,,,,,
251,14:40:02.293,19.09,,,,,,
252,14:40:02.360,19.31,,,,,,
253,14:40:02.430,19.58,,,,,,
254,14:40:02.498,19.30,,,,,,
255,14:40:02.569,19.44,,,,,,
256,14:40:02.635,19.52,,,,,,
257,14:40:02.707,19.37,,,,,,
258,14:40:02.774,19.33,,,,,,
259,14:40:02.845,19.39,,,,,,
260,14:40:02.917,19.36,,,,,,
261,14:40:02.988,19.33,,,,,,
262,14:40:03.063,19.09,,,,,,
263,14:40:03.134,19.37,,,,,,
264,14:40:03.201,19.26,,,,,,
265,14:40:03.271,19.20,,,,,,
266,14:40:03.339,19.28,,,,,,
267,14:40:03.410,19.11,,,,,,
268,14:40:03.481,19.22,,,,,,
269,14:40:03.553,19.48,,,,,,
270,14:40:03.620,19.26,,,,,,
271,14:40:03.691,19.10,,,,,,
272,14:40:03.760,19.25,,,,,,
273,14:40:03.835,19.21,,,,,,
274,14:40:03.901,19.33,,,,,,
275,14:40:03.971,19.14,,,,,,
276,14:40:04.049,19.38,,,,,,
277,14:40:04.124,19.76,,,,,,
278,14:40:04.199,19.32,,,,,,
279,14:40:04.270,19.29,,,,,,
280,14:40:04.348,19.62,,,,,,
281,14:40:04.423,19.28,,,,,,
282,14:40:04.490,19.24,,,,,,
283,14:40:04.562,19.20,,,,,,
284,14:40:04.629,19.24,,,,,,
285,14:40:04.705,19.07,,,,,,
286,14:40:04.771,19.23,,,,,,
287,14:40:04.845,19.28,,,,,,
288,14:40:04.917,19.33,,,,,,
289,14:40:04.988,19.38,,,,,,
290,14:40:05.055,19.28,,,,,,
291,14:40:05.130,24.62,,,,,,
292,14:40:05.217,18.44,,,,,,
293,14:40:05.286,18.62,,,,,,
294,14:40:05.348,18.53,,,,,,
295,14:40:05.422,18.56,,,,,,
296,14:40:05.490,18.58,,,,,,
297,14:40:05.555,18.38,,,,,,
298,14:40:05.617,18.56,,,,,,
299,14:40:05.683,18.39,,,,,,
300,14:40:05.745,18.63,,,,,,
