frame,timestamp,fps,inference_ms,detection_count
2,19:45:27.303,11.03,18.55,5
3,19:45:27.453,6.65,19.47,5
4,19:45:27.505,19.51,18.59,5
5,19:45:27.553,20.79,18.62,5
6,19:45:27.597,22.89,20.12,5
7,19:45:27.645,20.52,18.62,5
8,19:45:27.703,17.44,18.52,5
9,19:45:27.750,21.21,18.53,5
10,19:45:27.839,11.23,18.36,5
11,19:45:27.891,19.34,18.74,5
12,19:45:27.937,21.34,18.54,5
13,19:45:28.013,13.15,18.60,5
14,19:45:28.068,18.38,18.42,5
15,19:45:28.120,19.10,23.25,5
16,19:45:28.171,19.75,18.87,5
17,19:45:28.218,21.01,18.58,5
18,19:45:28.265,21.34,18.51,5
19,19:45:28.333,14.70,18.81,5
20,19:45:28.397,15.66,18.42,5
21,19:45:28.466,14.44,19.26,5
22,19:45:28.523,17.61,18.39,5
23,19:45:28.571,21.11,18.56,5
24,19:45:28.626,17.92,18.57,6
25,19:45:28.674,21.23,18.77,6
26,19:45:28.729,17.92,18.41,6
27,19:45:28.777,21.14,18.62,6
28,19:45:28.822,22.06,18.45,6
29,19:45:28.883,16.29,18.66,6
30,19:45:28.940,17.68,18.55,5
31,19:45:28.998,17.11,18.56,5
32,19:45:29.057,16.94,18.40,5
33,19:45:29.116,17.21,18.63,5
34,19:45:29.178,16.02,18.90,5
35,19:45:29.241,15.75,18.93,5
36,19:45:29.300,16.95,18.47,4
37,19:45:29.381,12.44,18.75,4
38,19:45:29.449,14.71,18.54,4
39,19:45:29.514,15.32,18.76,4
40,19:45:29.585,14.12,18.38,4
41,19:45:29.644,17.03,18.63,4
42,19:45:29.706,16.04,18.30,4
43,19:45:29.769,15.96,18.67,4
44,19:45:29.824,17.91,18.61,4
45,19:45:29.884,16.71,18.89,4
46,19:45:29.960,13.17,19.16,4
47,19:45:30.024,15.77,19.55,4
48,19:45:30.097,13.70,19.04,4
49,19:45:30.176,12.63,19.46,4
50,19:45:30.240,15.67,19.28,4
51,19:45:30.327,11.42,19.22,4
52,19:45:30.417,11.13,19.37,4
53,19:45:30.498,12.28,19.61,4
54,19:45:30.573,13.37,19.32,4
55,19:45:30.637,15.58,19.41,4
56,19:45:30.704,14.97,19.38,4
57,19:45:30.784,12.49,19.32,4
58,19:45:30.853,14.45,19.48,4
59,19:45:30.931,12.99,19.39,4
60,19:45:30.999,14.57,19.04,3
61,19:45:31.066,14.99,19.44,4
62,19:45:31.133,14.82,19.24,4
63,19:45:31.198,15.39,19.29,4
64,19:45:31.257,16.98,19.19,4
65,19:45:31.323,15.30,19.27,4
66,19:45:31.385,16.10,19.46,4
67,19:45:31.467,12.12,19.27,5
68,19:45:31.526,16.95,19.02,5
69,19:45:31.590,15.73,19.99,5
70,19:45:31.650,16.48,19.42,5
71,19:45:31.715,15.45,20.27,5
72,19:45:31.772,17.59,18.35,4
73,19:45:31.833,16.43,19.61,4
74,19:45:31.892,16.99,18.58,5
75,19:45:31.952,16.68,18.70,5
76,19:45:32.008,17.68,18.58,5
77,19:45:32.067,16.92,18.62,5
78,19:45:32.123,18.08,18.48,5
79,19:45:32.189,15.09,18.59,5
80,19:45:32.244,18.19,18.38,5
81,19:45:32.303,17.04,18.60,5
82,19:45:32.369,14.99,18.37,5
83,19:45:32.430,16.38,18.67,5
84,19:45:32.524,10.65,18.43,4
85,19:45:32.585,16.56,18.82,4
86,19:45:32.641,17.72,18.42,4
87,19:45:32.699,17.28,18.66,4
88,19:45:32.755,17.88,18.30,4
89,19:45:32.813,17.24,18.95,4
90,19:45:32.877,15.60,18.38,4
91,19:45:32.942,15.32,18.64,3
92,19:45:32.997,18.18,18.35,3
93,19:45:33.056,17.11,18.79,3
94,19:45:33.130,13.47,18.50,3
95,19:45:33.256,7.95,21.76,3
96,19:45:33.321,15.31,19.79,4
97,19:45:33.383,16.13,18.90,4
98,19:45:33.440,17.43,19.02,4
99,19:45:33.564,8.07,18.61,4
100,19:45:33.622,17.24,18.96,4
101,19:45:33.705,12.13,18.55,4
102,19:45:33.763,17.06,18.48,4
103,19:45:33.824,16.62,18.65,4
104,19:45:33.884,16.63,18.51,4
105,19:45:33.957,13.68,19.38,4
106,19:45:34.015,17.17,18.36,3
107,19:45:34.093,12.83,18.56,3
108,19:45:34.171,12.74,18.92,3
109,19:45:34.233,16.26,18.64,3
110,19:45:34.302,14.43,18.37,3
111,19:45:34.361,16.99,18.66,3
112,19:45:34.416,18.21,18.42,3
113,19:45:34.475,17.08,18.60,3
114,19:45:34.551,13.04,18.60,3
115,19:45:34.617,15.28,18.63,3
116,19:45:34.674,17.41,18.35,3
117,19:45:34.737,15.87,18.55,3
118,19:45:34.803,15.15,18.42,3
119,19:45:34.872,14.62,18.75,3
120,19:45:34.932,16.56,18.43,3
121,19:45:34.991,16.92,18.72,3
122,19:45:35.057,15.07,18.39,3
123,19:45:35.128,14.08,18.62,3
124,19:45:35.191,15.97,18.37,3
125,19:45:35.250,17.08,18.61,3
126,19:45:35.307,17.31,18.36,3
127,19:45:35.365,17.38,18.64,3
128,19:45:35.433,14.71,18.36,3
129,19:45:35.503,14.32,18.65,3
130,19:45:35.591,11.32,18.36,3
131,19:45:35.654,15.85,18.60,3
132,19:45:35.709,18.33,18.36,3
133,19:45:35.771,16.00,18.57,3
134,19:45:35.826,18.18,18.87,3
135,19:45:35.903,13.09,18.50,3
136,19:45:35.960,17.39,18.40,3
137,19:45:36.028,14.64,18.57,3
138,19:45:36.084,18.05,19.59,3
139,19:45:36.166,12.23,18.99,3
140,19:45:36.228,15.99,18.49,3
141,19:45:36.287,17.05,18.57,3
142,19:45:36.355,14.71,18.34,3
143,19:45:36.427,13.81,18.76,3
144,19:45:36.484,17.75,18.38,3
145,19:45:36.546,16.04,18.61,3
146,19:45:36.625,12.70,18.36,3
147,19:45:36.683,17.00,18.71,3
148,19:45:36.754,14.13,20.00,3
149,19:45:36.839,11.78,21.47,4
150,19:45:36.918,12.72,19.05,4
151,19:45:36.977,16.74,19.57,4
152,19:45:37.043,15.21,18.40,4
153,19:45:37.108,15.49,18.61,5
154,19:45:37.154,21.51,18.40,5
155,19:45:37.230,13.29,18.59,5
156,19:45:37.291,16.34,18.42,5
157,19:45:37.342,19.64,18.79,5
158,19:45:37.395,18.62,18.45,5
159,19:45:37.446,19.90,19.90,5
160,19:45:37.491,21.88,18.54,5
161,19:45:37.538,21.30,18.69,5
162,19:45:37.585,21.49,18.45,5
163,19:45:37.664,12.69,18.57,5
164,19:45:37.720,17.59,18.32,5
165,19:45:37.768,20.88,19.36,5
166,19:45:37.813,22.18,18.98,5
167,19:45:37.866,19.16,19.81,5
168,19:45:37.914,20.84,18.39,5
169,19:45:37.976,16.06,18.82,5
170,19:45:38.022,21.52,18.43,5
171,19:45:38.084,16.24,18.62,5
172,19:45:38.166,12.20,18.94,5
173,19:45:38.217,19.62,18.67,5
174,19:45:38.261,22.90,18.41,5
175,19:45:38.308,21.04,18.73,5
176,19:45:38.376,14.71,18.37,5
177,19:45:38.453,12.92,18.56,5
178,19:45:38.498,22.29,18.52,5
179,19:45:38.546,21.18,20.31,5
180,19:45:38.596,19.94,18.50,5
181,19:45:38.665,14.45,19.68,5
182,19:45:38.711,21.83,18.44,5
183,19:45:38.758,21.33,18.83,5
184,19:45:38.802,22.41,18.44,5
185,19:45:38.851,20.42,19.29,5
186,19:45:38.897,21.60,18.65,5
187,19:45:38.946,20.59,18.64,5
188,19:45:38.992,21.59,18.89,5
189,19:45:39.040,20.83,18.80,5
190,19:45:39.084,22.77,18.44,5
191,19:45:39.132,20.81,18.84,5
192,19:45:39.179,21.53,18.96,5
193,19:45:39.229,20.01,18.63,5
194,19:45:39.281,19.23,18.48,5
195,19:45:39.329,20.74,19.51,5
196,19:45:39.373,22.47,18.41,5
197,19:45:39.421,21.23,18.62,5
198,19:45:39.476,18.04,18.50,5
199,19:45:39.523,21.26,18.55,5
200,19:45:39.605,12.13,18.57,5
201,19:45:39.692,11.58,18.57,5
202,19:45:39.744,19.33,18.44,5
203,19:45:39.796,18.93,18.63,5
204,19:45:39.841,22.35,19.41,5
205,19:45:39.899,17.39,19.02,5
206,19:45:39.943,22.39,18.37,5
207,19:45:39.991,21.04,18.76,5
208,19:45:40.035,22.67,18.44,5
209,19:45:40.082,21.18,18.56,5
210,19:45:40.131,20.66,18.35,5
211,19:45:40.184,18.82,18.68,5
212,19:45:40.232,20.78,19.33,5
213,19:45:40.280,20.69,18.62,5
214,19:45:40.354,13.48,18.38,5
215,19:45:40.414,16.81,18.71,5
216,19:45:40.469,18.03,18.47,5
217,19:45:40.539,14.27,18.73,5
218,19:45:40.615,13.14,18.48,5
219,19:45:40.708,10.84,18.59,5
220,19:45:40.763,18.10,18.66,5
221,19:45:40.833,14.29,18.97,5
222,19:45:40.910,12.93,18.45,5
223,19:45:40.971,16.48,18.65,5
224,19:45:41.029,17.21,18.47,5
225,19:45:41.088,17.00,19.48,5
226,19:45:41.145,17.45,18.66,5
227,19:45:41.208,15.88,18.66,5
228,19:45:41.270,16.16,18.28,4
229,19:45:41.336,15.16,18.75,4
230,19:45:41.393,17.62,18.47,4
231,19:45:41.451,17.04,18.81,4
232,19:45:41.507,18.12,18.41,4
233,19:45:41.565,16.97,18.93,4
234,19:45:41.621,18.10,18.43,4
235,19:45:41.700,12.64,19.52,4
236,19:45:41.761,16.47,18.47,4
237,19:45:41.849,11.25,18.86,4
238,19:45:41.908,16.95,18.36,4
239,19:45:41.981,13.72,19.41,3
240,19:45:42.058,13.08,19.26,3
241,19:45:42.122,15.61,19.70,3
242,19:45:42.185,15.79,19.04,3
243,19:45:42.248,16.00,19.70,3
244,19:45:42.307,16.91,19.18,3
245,19:45:42.374,14.95,19.34,3
246,19:45:42.454,12.52,19.37,3
247,19:45:42.519,15.20,19.46,3
248,19:45:42.588,14.58,19.04,3
249,19:45:42.670,12.13,19.52,3
250,19:45:42.750,12.61,19.25,4
251,19:45:42.814,15.53,19.57,4
252,19:45:42.883,14.57,19.13,5
253,19:45:42.961,12.74,19.36,5
254,19:45:43.018,17.68,19.17,5
255,19:45:43.080,16.05,19.31,5
256,19:45:43.140,16.65,19.59,5
257,19:45:43.204,15.54,19.27,5
258,19:45:43.281,13.03,19.32,5
259,19:45:43.350,14.60,19.53,5
260,19:45:43.415,15.41,19.30,5
261,19:45:43.482,14.80,19.32,5
262,19:45:43.544,16.29,19.05,5
263,19:45:43.607,15.77,19.44,5
264,19:45:43.683,13.09,19.40,5
265,19:45:43.791,9.31,19.66,6
266,19:45:43.856,15.27,19.43,6
267,19:45:43.931,13.35,19.27,6
268,19:45:44.002,14.11,18.44,6
269,19:45:44.064,16.22,18.58,6
270,19:45:44.119,18.07,18.41,6
271,19:45:44.182,15.81,19.29,5
272,19:45:44.238,18.02,18.57,5
273,19:45:44.298,16.71,18.61,5
274,19:45:44.353,18.13,18.55,5
275,19:45:44.437,11.89,18.61,5
276,19:45:44.503,15.00,18.39,5
277,19:45:44.562,17.09,18.53,5
278,19:45:44.619,17.54,18.33,5
279,19:45:44.678,16.87,18.59,5
280,19:45:44.737,17.12,18.83,5
281,19:45:44.834,10.24,19.33,5
282,19:45:44.904,14.27,18.36,5
283,19:45:44.968,15.63,18.56,5
284,19:45:45.035,15.10,18.45,4
285,19:45:45.121,11.64,18.54,4
286,19:45:45.184,15.82,19.05,4
287,19:45:45.253,14.40,18.67,5
288,19:45:45.334,12.33,18.48,5
289,19:45:45.400,15.27,18.74,5
290,19:45:45.464,15.56,18.39,5
291,19:45:45.524,16.77,18.66,5
292,19:45:45.579,18.25,18.52,5
293,19:45:45.639,16.52,18.61,5
294,19:45:45.694,18.28,18.52,4
295,19:45:45.756,16.19,18.63,5
296,19:45:45.836,12.39,18.59,5
297,19:45:45.896,16.68,18.61,5
298,19:45:45.955,17.16,18.45,5
299,19:45:46.014,16.94,18.58,5
300,19:45:46.081,14.76,18.36,5
301,19:45:46.151,14.38,18.75,5
302,19:45:46.235,11.87,18.34,5
303,19:45:46.299,15.64,18.65,5
304,19:45:46.364,15.50,18.62,5
305,19:45:46.423,16.71,18.62,5
306,19:45:46.487,15.80,18.41,5
307,19:45:46.562,13.29,18.94,5
308,19:45:46.627,15.47,18.36,5
309,19:45:46.693,14.97,18.68,4
310,19:45:46.753,16.64,18.46,4
311,19:45:46.812,17.21,18.99,4
312,19:45:46.898,11.51,18.39,4
313,19:45:46.958,16.73,18.57,4
314,19:45:47.017,17.08,18.39,4
315,19:45:47.080,15.72,18.64,4
316,19:45:47.136,18.08,18.44,4
317,19:45:47.209,13.57,18.61,4
318,19:45:47.279,14.41,18.65,4
319,19:45:47.344,15.36,18.57,4
320,19:45:47.413,14.50,18.53,4
321,19:45:47.472,16.99,18.57,4
322,19:45:47.529,17.51,18.60,4
323,19:45:47.595,15.21,18.61,4
324,19:45:47.674,12.57,18.63,4
325,19:45:47.735,16.43,18.62,5
326,19:45:47.791,17.91,18.43,5
327,19:45:47.853,16.17,18.98,5
328,19:45:47.940,11.48,18.39,5
329,19:45:47.999,16.80,18.81,5
330,19:45:48.065,15.18,19.30,5
331,19:45:48.131,15.10,18.60,5
332,19:45:48.195,15.72,18.44,5
333,19:45:48.254,16.83,18.58,5
334,19:45:48.318,15.69,18.93,5
335,19:45:48.400,12.26,18.73,5
336,19:45:48.457,17.40,18.41,5
337,19:45:48.536,12.62,18.57,5
338,19:45:48.610,13.58,18.33,5
339,19:45:48.669,17.01,18.56,5
340,19:45:48.724,18.12,18.59,5
341,19:45:48.800,13.22,18.84,5
342,19:45:48.859,16.75,19.06,5
343,19:45:48.941,12.31,19.22,5
344,19:45:49.011,14.12,19.34,5
345,19:45:49.080,14.70,21.38,5
346,19:45:49.158,12.80,18.42,5
347,19:45:49.261,9.66,18.65,4
348,19:45:49.331,14.25,18.39,4
349,19:45:49.393,16.33,18.73,4
350,19:45:49.448,18.06,18.41,4
351,19:45:49.506,17.18,18.86,4
352,19:45:49.562,18.01,18.53,4
353,19:45:49.622,16.65,18.67,4
354,19:45:49.676,18.28,18.42,5
355,19:45:49.735,17.20,18.63,5
356,19:45:49.789,18.31,18.42,5
357,19:45:49.850,16.56,19.06,5
358,19:45:49.906,17.85,18.47,5
359,19:45:49.981,13.34,18.61,5
360,19:45:50.043,16.05,18.39,5
361,19:45:50.091,20.64,18.64,5
362,19:45:50.156,15.47,18.52,5
363,19:45:50.303,6.80,18.61,5
364,19:45:50.347,22.67,18.59,5
365,19:45:50.395,21.03,18.72,5
366,19:45:50.439,22.56,18.43,5
367,19:45:50.486,21.11,18.61,5
368,19:45:50.536,19.91,19.05,5
369,19:45:50.584,20.93,18.80,5
370,19:45:50.674,11.10,18.40,5
371,19:45:50.726,19.37,18.57,5
372,19:45:50.772,21.71,18.44,5
373,19:45:50.824,19.17,18.64,5
374,19:45:50.874,20.17,18.94,5
375,19:45:50.923,20.24,18.60,5
376,19:45:50.989,15.13,18.39,5
377,19:45:51.036,21.22,18.59,5
378,19:45:51.080,22.79,18.44,5
379,19:45:51.127,21.25,18.64,5
380,19:45:51.175,20.77,18.81,5
381,19:45:51.224,20.81,18.63,5
382,19:45:51.272,20.77,18.60,5
383,19:45:51.322,19.79,18.74,5
384,19:45:51.366,22.72,18.38,5
385,19:45:51.414,21.05,18.71,5
386,19:45:51.466,19.30,18.60,5
387,19:45:51.513,21.15,18.70,5
388,19:45:51.567,18.44,18.40,5
389,19:45:51.628,16.39,18.67,5
390,19:45:51.697,14.44,18.38,5
391,19:45:51.745,20.98,18.79,5
392,19:45:51.792,21.15,18.55,5
393,19:45:51.840,21.09,18.64,5
394,19:45:51.888,20.74,18.36,5
395,19:45:51.950,16.14,18.72,5
396,19:45:52.016,15.01,18.46,5
397,19:45:52.064,21.11,18.87,5
398,19:45:52.110,21.44,18.40,5
399,19:45:52.158,21.26,19.35,5
400,19:45:52.206,20.49,18.80,5
401,19:45:52.255,20.38,18.59,5
402,19:45:52.334,12.79,18.44,5
403,19:45:52.392,17.22,18.65,5
404,19:45:52.436,22.81,19.94,5
405,19:45:52.484,20.59,18.67,5
406,19:45:52.531,21.54,18.46,5
407,19:45:52.590,16.77,18.56,5
408,19:45:52.634,22.87,18.52,5
409,19:45:52.692,17.14,18.75,5
410,19:45:52.736,22.82,18.41,5
411,19:45:52.795,16.86,18.68,5
412,19:45:52.851,18.13,18.75,5
413,19:45:52.905,18.36,18.69,5
414,19:45:52.960,18.26,18.45,5
415,19:45:53.040,12.50,18.61,5
416,19:45:53.095,18.16,18.65,5
417,19:45:53.157,16.01,18.65,5
418,19:45:53.225,14.85,18.55,5
419,19:45:53.307,12.17,18.78,5
420,19:45:53.365,17.21,18.37,5
421,19:45:53.447,12.25,18.61,5
422,19:45:53.501,18.29,18.44,5
423,19:45:53.575,13.55,18.56,5
424,19:45:53.644,14.58,18.59,5
425,19:45:53.726,12.20,18.64,5
426,19:45:53.789,15.80,18.37,5
427,19:45:53.864,13.30,25.79,5
428,19:45:53.953,11.29,18.76,5
429,19:45:54.022,14.49,18.62,5
430,19:45:54.095,13.66,18.37,5
431,19:45:54.153,17.10,19.00,4
432,19:45:54.212,16.94,19.35,4
433,19:45:54.276,15.67,19.47,4
434,19:45:54.336,16.66,19.22,4
435,19:45:54.412,13.11,19.24,4
436,19:45:54.479,15.06,19.40,4
437,19:45:54.570,10.92,19.50,4
438,19:45:54.634,15.72,19.17,4
439,19:45:54.700,15.13,19.20,4
440,19:45:54.761,16.46,19.32,4
441,19:45:54.852,10.94,19.79,4
442,19:45:54.915,16.04,18.98,4
443,19:45:54.994,12.65,19.32,4
444,19:45:55.064,14.26,19.54,4
445,19:45:55.152,11.31,19.51,4
446,19:45:55.232,12.45,19.30,4
447,19:45:55.310,12.91,19.43,4
448,19:45:55.376,15.06,19.28,4
449,19:45:55.462,11.72,19.47,4
450,19:45:55.564,9.73,19.66,4
451,19:45:55.639,13.39,19.65,4
452,19:45:55.703,15.69,19.22,4
453,19:45:55.767,15.58,19.43,4
454,19:45:55.830,15.87,19.61,4
455,19:45:55.895,15.41,19.42,5
456,19:45:55.954,16.97,19.28,5
457,19:45:56.005,19.59,19.94,5
458,19:45:56.052,21.04,19.08,5
459,19:45:56.121,14.62,19.37,5
460,19:45:56.191,14.19,19.28,4
461,19:45:56.243,19.29,19.60,4
462,19:45:56.296,18.94,19.79,4
463,19:45:56.347,19.34,19.79,4
464,19:45:56.410,16.04,19.04,4
465,19:45:56.465,17.98,19.32,4
466,19:45:56.517,19.27,19.37,4
467,19:45:56.569,19.45,19.91,4
468,19:45:56.629,16.50,19.09,5
469,19:45:56.684,18.39,20.71,5
470,19:45:56.752,14.72,19.37,5
471,19:45:56.824,13.89,19.28,5
472,19:45:56.897,13.58,19.64,5
473,19:45:56.998,9.97,19.50,5
474,19:45:57.073,13.22,19.20,5
475,19:45:57.139,15.17,19.45,4
476,19:45:57.247,9.29,20.10,4
477,19:45:57.312,15.41,19.53,4
478,19:45:57.372,16.61,19.22,4
479,19:45:57.435,15.92,19.28,4
480,19:45:57.515,12.51,19.23,4
481,19:45:57.579,15.65,19.50,4
482,19:45:57.665,11.60,19.01,5
483,19:45:57.746,12.35,19.80,5
484,19:45:57.806,16.67,19.24,5
485,19:45:57.879,13.70,19.74,5
486,19:45:57.943,15.62,19.09,5
487,19:45:58.020,12.87,19.26,5
488,19:45:58.084,15.82,19.42,4
489,19:45:58.161,13.01,19.47,4
490,19:45:58.243,12.13,19.46,3
491,19:45:58.307,15.53,19.44,3
492,19:45:58.383,13.28,19.24,3
493,19:45:58.447,15.48,19.28,3
494,19:45:58.525,12.91,19.19,4
495,19:45:58.593,14.57,20.45,4
496,19:45:58.656,16.09,19.17,4
497,19:45:58.740,11.80,19.26,4
498,19:45:58.801,16.57,19.39,4
499,19:45:58.878,12.94,19.40,4
500,19:45:58.950,13.84,19.30,4
501,19:45:59.016,15.16,19.53,4
502,19:45:59.085,14.53,19.40,4
503,19:45:59.146,16.40,19.07,3
504,19:45:59.202,17.99,18.40,3
505,19:45:59.299,10.26,18.60,3
506,19:45:59.361,16.18,18.53,3
507,19:45:59.420,16.96,18.63,3
508,19:45:59.482,15.98,18.45,3
509,19:45:59.577,10.53,18.56,3
510,19:45:59.633,18.06,18.48,3
511,19:45:59.692,16.80,18.67,3
512,19:45:59.752,16.82,18.49,3
513,19:45:59.812,16.64,18.75,3
514,19:45:59.874,16.19,18.39,3
515,19:45:59.936,16.03,18.61,3
516,19:45:59.998,16.17,18.34,3
517,19:46:00.064,15.19,18.79,4
518,19:46:00.119,18.02,18.59,4
519,19:46:00.180,16.41,18.64,4
520,19:46:00.268,11.31,18.73,4
521,19:46:00.398,7.72,18.68,5
522,19:46:00.468,14.23,18.39,5
523,19:46:00.529,16.58,18.81,5
524,19:46:00.585,17.89,18.55,5
525,19:46:00.644,16.80,18.61,5
526,19:46:00.709,15.34,18.50,5
527,19:46:00.788,12.75,18.58,5
528,19:46:00.857,14.49,18.87,5
529,19:46:00.924,14.85,18.61,5
530,19:46:01.005,12.29,18.35,5
531,19:46:01.064,17.15,19.70,5
532,19:46:01.124,16.67,18.66,5
533,19:46:01.184,16.46,18.61,4
534,19:46:01.252,14.74,18.39,4
535,19:46:01.315,15.92,18.62,5
536,19:46:01.402,11.56,19.54,5
537,19:46:01.465,15.66,18.64,5
538,19:46:01.532,14.92,18.38,5
539,19:46:01.582,20.21,18.55,5
540,19:46:01.631,20.59,18.44,5
541,19:46:01.689,17.23,18.77,5
542,19:46:01.754,15.38,18.39,5
543,19:46:01.821,14.82,19.91,5
544,19:46:01.873,19.15,18.53,5
545,19:46:01.931,17.28,18.64,5
546,19:46:01.989,17.41,18.42,5
547,19:46:02.047,17.11,18.66,5
548,19:46:02.118,14.15,18.52,5
549,19:46:02.176,17.06,18.74,5
550,19:46:02.231,18.19,18.41,5
551,19:46:02.293,16.12,19.26,5
552,19:46:02.349,17.95,18.53,5
553,19:46:02.419,14.38,18.81,5
554,19:46:02.469,19.65,18.39,5
555,19:46:02.539,14.44,18.59,5
556,19:46:02.595,17.70,18.43,5
557,19:46:02.642,21.26,18.60,5
558,19:46:02.690,21.01,18.40,5
559,19:46:02.761,14.07,18.60,4
560,19:46:02.837,13.11,18.44,4
561,19:46:02.897,16.80,18.59,4
562,19:46:02.952,18.14,18.57,4
563,19:46:03.015,15.86,18.64,4
564,19:46:03.070,18.06,18.60,4
565,19:46:03.129,17.06,18.64,4
566,19:46:03.184,18.09,18.38,4
567,19:46:03.242,17.22,18.66,4
568,19:46:03.297,18.20,18.44,4
569,19:46:03.356,17.14,18.65,4
570,19:46:03.429,13.66,18.44,4
571,19:46:03.488,16.97,18.54,4
572,19:46:03.544,17.66,18.47,4
573,19:46:03.605,16.58,18.69,4
574,19:46:03.666,16.25,18.46,4
575,19:46:03.714,20.86,18.75,4
576,19:46:03.758,22.65,18.41,4
577,19:46:03.816,17.19,18.68,4
578,19:46:03.879,15.97,19.17,4
579,19:46:03.927,20.89,18.55,4
580,19:46:03.984,17.56,18.67,4
581,19:46:04.033,20.21,18.70,4
582,19:46:04.079,22.11,19.09,4
583,19:46:04.131,18.99,19.49,4
584,19:46:04.206,13.35,19.52,4
585,19:46:04.281,13.39,19.63,4
586,19:46:04.363,12.24,19.26,4
587,19:46:04.446,12.00,19.45,4
588,19:46:04.506,16.58,19.37,4
589,19:46:04.571,15.53,19.49,4
590,19:46:04.636,15.27,19.12,4
591,19:46:04.710,13.55,19.24,4
592,19:46:04.787,13.01,19.16,3
593,19:46:04.853,15.14,21.02,3
594,19:46:04.919,15.09,19.12,3
595,19:46:04.984,15.51,19.30,3
596,19:46:05.044,16.68,19.08,3
597,19:46:05.109,15.33,19.44,3
598,19:46:05.167,17.07,19.13,3
599,19:46:05.235,14.78,19.51,4
600,19:46:05.295,16.56,19.39,4
