판,행동,대상,기대,메모
1,정상,,,4단계 끝까지 · 공구 단계는 렌치 · 질문은 아래 줄 순서대로
1,호출,,,B1 대기 중 — 「가디언」 → 띠링 뒤
1,질문,지금 몇 단계야?,1단계(클린·가스차단),B1 대기 중
1,호출,,,3단계로 넘어간 뒤 · B3 누르기 전 · 렌치를 들고 — 「가디언」 → 띠링 뒤
1,질문,앞에 보이는 공구가 뭐야?,렌치,3단계로 넘어간 뒤 · B3 누르기 전 · 렌치를 들고
2,정상,,,4단계 끝까지 · 공구 단계는 렌치 · 질문은 아래 줄 순서대로
2,호출,,,B1 대기 중 — 「가디언」 → 띠링 뒤
2,질문,다음에 뭐 눌러야 돼?,B2(펌프/퍼지) — 대기가 끝난 뒤,B1 대기 중
2,호출,,,3단계로 넘어간 뒤 · B3 누르기 전 — 「가디언」 → 띠링 뒤
2,질문,지금 눌러야 하는 버튼이 뭐야?,B3(전극 냉각),3단계로 넘어간 뒤 · B3 누르기 전
2,호출,,,B4 누른 뒤 결과창에서 — 「가디언」 → 띠링 뒤
2,질문,작업 결과 어때?,완료 · 위반 없음,B4 누른 뒤 결과창에서
3,정상,,,4단계 끝까지 · 공구 단계는 렌치 · 질문은 아래 줄 순서대로
3,호출,,,B2 누른 뒤 렌치를 쥐기 전 — 「가디언」 → 띠링 뒤
3,질문,이번 단계에 무슨 공구 필요해?,렌치,B2 누른 뒤 렌치를 쥐기 전
3,호출,,,3단계로 넘어간 뒤 · B3 누르기 전 · 렌치를 들고 — 「가디언」 → 띠링 뒤
3,질문,앞에 보이는 공구가 뭐야?,렌치,3단계로 넘어간 뒤 · B3 누르기 전 · 렌치를 들고
4,정상,,,4단계 끝까지 · 공구 단계는 렌치 · 질문은 아래 줄 순서대로
4,호출,,,B1 대기 중 — 「가디언」 → 띠링 뒤
4,질문,지금 몇 단계야?,1단계(클린·가스차단),B1 대기 중
4,호출,,,B3 대기가 끝난 뒤 · B4 누르기 전 — 「가디언」 → 띠링 뒤
4,질문,지금 상태 어때?,4단계(챔버 벤트) 차례,B3 대기가 끝난 뒤 · B4 누르기 전
4,호출,,,B4 누른 뒤 결과창에서 — 「가디언」 → 띠링 뒤
4,질문,작업 결과 어때?,완료 · 위반 없음,B4 누른 뒤 결과창에서
5,정상,,,4단계 끝까지 · 공구 단계는 렌치 · 질문은 아래 줄 순서대로
5,호출,,,B1 대기 중 — 「가디언」 → 띠링 뒤
5,질문,다음에 뭐 눌러야 돼?,B2(펌프/퍼지) — 대기가 끝난 뒤,B1 대기 중
5,호출,,,3단계로 넘어간 뒤 · B3 누르기 전 · 렌치를 들고 — 「가디언」 → 띠링 뒤
5,질문,앞에 보이는 공구가 뭐야?,렌치,3단계로 넘어간 뒤 · B3 누르기 전 · 렌치를 들고
