metric,class,value
images,,1427
mAP50,,0.8718
mAP50-95,,0.2036
AP50,B1,0.8943
AP50-95,B1,0.1742
op@0.65_tp,B1,778
op@0.65_fp,B1,41
op@0.65_fn,B1,88
op@0.65_precision,B1,0.9499389499389499
op@0.65_recall,B1,0.8983833718244804
op@0.65_f1,B1,0.9234421364985163
AP50,B2,0.9006
AP50-95,B2,0.2519
op@0.65_tp,B2,775
op@0.65_fp,B2,3
op@0.65_fn,B2,184
op@0.65_precision,B2,0.9961439588688946
op@0.65_recall,B2,0.808133472367049
op@0.65_f1,B2,0.8923431203223949
AP50,B3,0.7605
AP50-95,B3,0.1348
op@0.65_tp,B3,648
op@0.65_fp,B3,78
op@0.65_fn,B3,199
op@0.65_precision,B3,0.8925619834710744
op@0.65_recall,B3,0.7650531286894924
op@0.65_f1,B3,0.8239033693579147
AP50,B4,0.8918
AP50-95,B4,0.2268
op@0.65_tp,B4,746
op@0.65_fp,B4,59
op@0.65_fn,B4,88
op@0.65_precision,B4,0.9267080745341615
op@0.65_recall,B4,0.894484412470024
op@0.65_f1,B4,0.9103111653447225
AP50,EMO,0.9117
AP50-95,EMO,0.2300
op@0.65_tp,EMO,758
op@0.65_fp,EMO,96
op@0.65_fn,EMO,59
op@0.65_precision,EMO,0.8875878220140515
op@0.65_recall,EMO,0.9277845777233782
op@0.65_f1,EMO,0.907241172950329
confusion,B1->B1,778
confusion,B1->미검출,88
confusion,B2->B2,775
confusion,B2->미검출,184
confusion,B3->B3,648
confusion,B3->EMO,57
confusion,B3->미검출,142
confusion,B4->B4,746
confusion,B4->미검출,88
confusion,EMO->EMO,758
confusion,EMO->미검출,59
